ZIPƒtƒ@ƒCƒ‹–¼,o—Í”NŒ“úE,’n”Ô‹æˆæ,’n”Ô,’n”Ô‹æˆæi•MŠE–¢’è’n\¬’n”Ôj,’n”Ôi•MŠE–¢’è’n\¬’n”Ôj
11462-0312-1.zip,202502031219,–kŠ‹üŒS˜h‹{’¬,’n‹æŠO-1744982,,
11462-0312-1.zip,202502031219,–kŠ‹üŒS˜h‹{’¬,’n‹æŠO-1744983,,
11462-0312-1.zip,202502031219,–kŠ‹üŒS˜h‹{’¬,’n‹æŠO-1744984,,
11462-0312-1.zip,202502031219,–kŠ‹üŒS˜h‹{’¬,’n‹æŠO-1744985,,
11462-0312-1.zip,202502031219,–kŠ‹üŒS˜h‹{’¬,’n‹æŠO-1744986,,
11462-0312-1.zip,202502031219,–kŠ‹üŒS˜h‹{’¬,’n‹æŠO-1744987,,
11462-0312-1.zip,202502031219,–kŠ‹üŒS˜h‹{’¬,’n‹æŠO-1744988,,
11462-0312-1.zip,202502031219,–kŠ‹üŒS˜h‹{’¬,’n‹æŠO-1744989,,
11462-0312-1.zip,202502031219,–kŠ‹üŒS˜h‹{’¬,’n‹æŠO-1744990,,
11462-0312-1.zip,202502031219,–kŠ‹üŒS˜h‹{’¬,’n‹æŠO-1744991,,
11462-0312-1.zip,202502031219,–kŠ‹üŒS˜h‹{’¬,’n‹æŠO-1744992,,
11462-0312-1.zip,202502031219,–kŠ‹üŒS˜h‹{’¬,’n‹æŠO-1744993,,
11462-0312-1.zip,202502031219,–kŠ‹üŒS˜h‹{’¬,’n‹æŠO-1744994,,
11462-0312-1.zip,202502031219,–kŠ‹üŒS˜h‹{’¬,’n‹æŠO-1744981,,
11462-0312-2.zip,202502031219,–kŠ‹üŒS˜h‹{’¬‘åšãìè,776,,
11462-0312-2.zip,202502031219,–kŠ‹üŒS˜h‹{’¬÷“c‚T’š–Ú,833-4,,
11462-0312-2.zip,202502031219,–kŠ‹üŒS˜h‹{’¬,’n‹æŠO-1748051,,
11462-0312-2.zip,202502031219,–kŠ‹üŒS˜h‹{’¬,’n‹æŠO-1748053,,
11462-0312-2.zip,202502031219,–kŠ‹üŒS˜h‹{’¬,’n‹æŠO-1748054,,
11462-0312-2.zip,202502031219,–kŠ‹üŒS˜h‹{’¬,’n‹æŠO-1748055,,
11462-0312-2.zip,202502031219,–kŠ‹üŒS˜h‹{’¬,’n‹æŠO-1748056,,
11462-0312-3.zip,202502031219,–kŠ‹üŒS˜h‹{’¬‘åšŠO–ì,561,,
11462-0312-3.zip,202502031219,–kŠ‹üŒS˜h‹{’¬‘åšŠO–ì,582-2,,
11462-0312-3.zip,202502031219,–kŠ‹üŒS˜h‹{’¬‘åšŠO–ì,592,,
11462-0312-4.zip,202502031219,–kŠ‹üŒS˜h‹{’¬‘åšãìè,469-3,,
11462-0312-4.zip,202502031219,–kŠ‹üŒS˜h‹{’¬,’n‹æŠO-1758021,,
11462-0312-4.zip,202502031219,–kŠ‹üŒS˜h‹{’¬,’n‹æŠO-1758022,,
11462-0312-4.zip,202502031219,–kŠ‹üŒS˜h‹{’¬,’n‹æŠO-1758023,,
11462-0312-4.zip,202502031219,–kŠ‹üŒS˜h‹{’¬,’n‹æŠO-1758020,,
11462-0312-5.zip,202502031219,–kŠ‹üŒS˜h‹{’¬‘åš’†È,44-1,,
11462-0312-5.zip,202502031219,–kŠ‹üŒS˜h‹{’¬‘åš’†È,44-2,,
11462-0312-5.zip,202502031219,–kŠ‹üŒS˜h‹{’¬‘åš’†È,1491-4,,
11462-0312-5.zip,202502031219,–kŠ‹üŒS˜h‹{’¬,’n‹æŠO-1788803,,
11462-0312-5.zip,202502031219,–kŠ‹üŒS˜h‹{’¬,’n‹æŠO-1788804,,
11462-0312-5.zip,202502031219,–kŠ‹üŒS˜h‹{’¬,’n‹æŠO-1788805,,
11462-0312-5.zip,202502031219,–kŠ‹üŒS˜h‹{’¬,’n‹æŠO-1788806,,
11462-0312-5.zip,202502031219,–kŠ‹üŒS˜h‹{’¬,’n‹æŠO-1788807,,
11462-0312-5.zip,202502031219,–kŠ‹üŒS˜h‹{’¬,’n‹æŠO-1788808,,
11462-0312-5.zip,202502031219,–kŠ‹üŒS˜h‹{’¬,’n‹æŠO-1788809,,
11462-0312-5.zip,202502031219,–kŠ‹üŒS˜h‹{’¬,’n‹æŠO-1788811,,
11462-0312-5.zip,202502031219,–kŠ‹üŒS˜h‹{’¬,’n‹æŠO-1788812,,
11462-0312-5.zip,202502031219,–kŠ‹üŒS˜h‹{’¬,’n‹æŠO-1788813,,
11462-0312-5.zip,202502031219,–kŠ‹üŒS˜h‹{’¬,’n‹æŠO-1788814,,
11462-0312-5.zip,202502031219,–kŠ‹üŒS˜h‹{’¬,’n‹æŠO-1788815,,
11462-0312-5.zip,202502031219,–kŠ‹üŒS˜h‹{’¬,’n‹æŠO-1788816,,
11462-0312-5.zip,202502031219,–kŠ‹üŒS˜h‹{’¬,’n‹æŠO-1788818,,
11462-0312-5.zip,202502031219,–kŠ‹üŒS˜h‹{’¬,’n‹æŠO-1788817,,
11462-0312-5.zip,202502031219,–kŠ‹üŒS˜h‹{’¬,’n‹æŠO-1788810,,
11462-0312-6.zip,202502031219,–kŠ‹üŒS˜h‹{’¬‘åš“Œ‘å—Ö,1955-3,,
11462-0312-7.zip,202502031219,–kŠ‹üŒS˜h‹{’¬‘åš“Œ‘å—Ö,748-1,,
11462-0312-7.zip,202502031219,–kŠ‹üŒS˜h‹{’¬‘åš“Œ‘å—Ö,748-3,,
11462-0312-7.zip,202502031219,–kŠ‹üŒS˜h‹{’¬‘åš“Œ‘å—Ö,748-4,,
11462-0312-7.zip,202502031219,–kŠ‹üŒS˜h‹{’¬‘åš“Œ‘å—Ö,748-6,,
11462-0312-7.zip,202502031219,–kŠ‹üŒS˜h‹{’¬‘åš“Œ‘å—Ö,749-1,,
11462-0312-7.zip,202502031219,–kŠ‹üŒS˜h‹{’¬‘åš“Œ‘å—Ö,749-2,,
11462-0312-7.zip,202502031219,–kŠ‹üŒS˜h‹{’¬‘åš“Œ‘å—Ö,749-3,,
11462-0312-7.zip,202502031219,–kŠ‹üŒS˜h‹{’¬‘åš“Œ‘å—Ö,749-4,,
11462-0312-7.zip,202502031219,–kŠ‹üŒS˜h‹{’¬‘åš“Œ‘å—Ö,750,,
11462-0312-7.zip,202502031219,–kŠ‹üŒS˜h‹{’¬‘åš“Œ‘å—Ö,751-2,,
11462-0312-7.zip,202502031219,–kŠ‹üŒS˜h‹{’¬‘åš“Œ‘å—Ö,751-3,,
11462-0312-7.zip,202502031219,–kŠ‹üŒS˜h‹{’¬‘åš“Œ‘å—Ö,751-4,,
11462-0312-7.zip,202502031219,–kŠ‹üŒS˜h‹{’¬‘åš“Œ‘å—Ö,751-5,,
11462-0312-7.zip,202502031219,–kŠ‹üŒS˜h‹{’¬‘åš“Œ‘å—Ö,751-6,,
11462-0312-7.zip,202502031219,–kŠ‹üŒS˜h‹{’¬‘åš“Œ‘å—Ö,751-7W1,,
11462-0312-7.zip,202502031219,–kŠ‹üŒS˜h‹{’¬‘åš“Œ‘å—Ö,751-7W2,,
11462-0312-7.zip,202502031219,–kŠ‹üŒS˜h‹{’¬‘åš“Œ‘å—Ö,753-1,,
11462-0312-7.zip,202502031219,–kŠ‹üŒS˜h‹{’¬‘åš“Œ‘å—Ö,753-2,,
11462-0312-7.zip,202502031219,–kŠ‹üŒS˜h‹{’¬‘åš“Œ‘å—Ö,754-1,,
11462-0312-7.zip,202502031219,–kŠ‹üŒS˜h‹{’¬‘åš“Œ‘å—Ö,754-2,,
11462-0312-7.zip,202502031219,–kŠ‹üŒS˜h‹{’¬,’n‹æŠO-1796048,,
11462-0312-7.zip,202502031219,–kŠ‹üŒS˜h‹{’¬‘åš“Œ‘å—Ö,748-2,,
11462-0312-7.zip,202502031219,–kŠ‹üŒS˜h‹{’¬,’n‹æŠO-1796049,,
11462-0312-8.zip,202502031219,–kŠ‹üŒS˜h‹{’¬‘åš“Œ‘å—Ö,2293-²†,,
11462-0312-8.zip,202502031219,–kŠ‹üŒS˜h‹{’¬,’n‹æŠO-1796396,,
11462-0312-9.zip,202502031219,–kŠ‹üŒS˜h‹{’¬‘åš“Œ‘å—Ö,1149,,
11462-0312-9.zip,202502031219,–kŠ‹üŒS˜h‹{’¬‘åš“Œ‘å—Ö,1428-3,,
11462-0312-9.zip,202502031219,–kŠ‹üŒS˜h‹{’¬‘åš“Œ‘å—Ö,1530,,
11462-0312-9.zip,202502031219,–kŠ‹üŒS˜h‹{’¬‘åš“Œ‘å—Ö,1546-2,,
11462-0312-9.zip,202502031219,–kŠ‹üŒS˜h‹{’¬‘åš“Œ‘å—Ö,1572-6,,
11462-0312-9.zip,202502031219,–kŠ‹üŒS˜h‹{’¬‘åš“Œ‘å—Ö,1646-2,,
11462-0312-9.zip,202502031219,–kŠ‹üŒS˜h‹{’¬‘åš“Œ‘å—Ö,1649-Æ,,
11462-0312-9.zip,202502031219,–kŠ‹üŒS˜h‹{’¬‘åš“Œ‘å—Ö,1668-1,,
11462-0312-9.zip,202502031219,–kŠ‹üŒS˜h‹{’¬‘åš“Œ‘å—Ö,1668-2,,
11462-0312-9.zip,202502031219,–kŠ‹üŒS˜h‹{’¬‘åš“Œ‘å—Ö,1669-1,,
11462-0312-9.zip,202502031219,–kŠ‹üŒS˜h‹{’¬‘åš“Œ‘å—Ö,1669-2,,
11462-0312-9.zip,202502031219,–kŠ‹üŒS˜h‹{’¬‘åš“Œ‘å—Ö,1786,,
11462-0312-9.zip,202502031219,–kŠ‹üŒS˜h‹{’¬‘åš“Œ‘å—Ö,1809,,
11462-0312-9.zip,202502031219,–kŠ‹üŒS˜h‹{’¬‘åš“Œ‘å—Ö,2186-21,,
11462-0312-9.zip,202502031219,–kŠ‹üŒS˜h‹{’¬,’n‹æŠO-1798028,,
11462-0312-9.zip,202502031219,–kŠ‹üŒS˜h‹{’¬,’n‹æŠO-1798029,,
11462-0312-9.zip,202502031219,–kŠ‹üŒS˜h‹{’¬,’n‹æŠO-1798030,,
11462-0312-9.zip,202502031219,–kŠ‹üŒS˜h‹{’¬,’n‹æŠO-1798031,,
11462-0312-9.zip,202502031219,–kŠ‹üŒS˜h‹{’¬,’n‹æŠO-1798033,,
11462-0312-9.zip,202502031219,–kŠ‹üŒS˜h‹{’¬,’n‹æŠO-1798034,,
11462-0312-9.zip,202502031219,–kŠ‹üŒS˜h‹{’¬,’n‹æŠO-1798035,,
11462-0312-9.zip,202502031219,–kŠ‹üŒS˜h‹{’¬,’n‹æŠO-1798036,,
11462-0312-9.zip,202502031219,–kŠ‹üŒS˜h‹{’¬,’n‹æŠO-1798037,,
11462-0312-9.zip,202502031219,–kŠ‹üŒS˜h‹{’¬,’n‹æŠO-1798038,,
11462-0312-9.zip,202502031219,–kŠ‹üŒS˜h‹{’¬,’n‹æŠO-1798039,,
11462-0312-9.zip,202502031219,–kŠ‹üŒS˜h‹{’¬‘åš“Œ‘å—Ö,2190-2,,
11462-0312-10.zip,202502031219,–kŠ‹üŒS˜h‹{’¬‘åš“Œ‘å—Ö,692-3,,
11462-0312-10.zip,202502031219,–kŠ‹üŒS˜h‹{’¬‘åš“Œ‘å—Ö,1888-2,,
11462-0312-10.zip,202502031219,–kŠ‹üŒS˜h‹{’¬‘åš“Œ‘å—Ö,1889-²†,,
11462-0312-10.zip,202502031219,–kŠ‹üŒS˜h‹{’¬‘åš“Œ‘å—Ö,1987-Û†,,
11462-0312-10.zip,202502031219,–kŠ‹üŒS˜h‹{’¬‘åš“Œ‘å—Ö,1925-Û†,,
11462-0312-10.zip,202502031219,–kŠ‹üŒS˜h‹{’¬‘åš“Œ‘å—Ö,692-2,,
11462-0312-11.zip,202502031219,–kŠ‹üŒS˜h‹{’¬‘åš“Œ‘å—Ö,2-2,,
11462-0312-11.zip,202502031219,–kŠ‹üŒS˜h‹{’¬‘åš“Œ‘å—Ö,9-2,,
11462-0312-11.zip,202502031219,–kŠ‹üŒS˜h‹{’¬‘åš“Œ‘å—Ö,50-1,,
11462-0312-11.zip,202502031219,–kŠ‹üŒS˜h‹{’¬‘åš“Œ‘å—Ö,891-1,,
11462-0312-11.zip,202502031219,–kŠ‹üŒS˜h‹{’¬‘åš“Œ‘å—Ö,892-2,,
11462-0312-11.zip,202502031219,–kŠ‹üŒS˜h‹{’¬‘åš“Œ‘å—Ö,893-2,,
11462-0312-11.zip,202502031219,–kŠ‹üŒS˜h‹{’¬‘åš“Œ‘å—Ö,908-2,,
11462-0312-11.zip,202502031219,–kŠ‹üŒS˜h‹{’¬‘åš“Œ‘å—Ö,909-2,,
11462-0312-11.zip,202502031219,–kŠ‹üŒS˜h‹{’¬‘åš“Œ‘å—Ö,910-2,,
11462-0312-11.zip,202502031219,–kŠ‹üŒS˜h‹{’¬‘åš“Œ‘å—Ö,918-2,,
11462-0312-11.zip,202502031219,–kŠ‹üŒS˜h‹{’¬‘åš“Œ‘å—Ö,919-2,,
11462-0312-11.zip,202502031219,–kŠ‹üŒS˜h‹{’¬‘åš“Œ‘å—Ö,921-2,,
11462-0312-11.zip,202502031219,–kŠ‹üŒS˜h‹{’¬‘åš“Œ‘å—Ö,926-2,,
11462-0312-11.zip,202502031219,–kŠ‹üŒS˜h‹{’¬‘åš“Œ‘å—Ö,927-2,,
11462-0312-11.zip,202502031219,–kŠ‹üŒS˜h‹{’¬‘åš“Œ‘å—Ö,947-2,,
11462-0312-11.zip,202502031219,–kŠ‹üŒS˜h‹{’¬‘åš“Œ‘å—Ö,948-2,,
11462-0312-11.zip,202502031219,–kŠ‹üŒS˜h‹{’¬‘åš“Œ‘å—Ö,949-6,,
11462-0312-11.zip,202502031219,–kŠ‹üŒS˜h‹{’¬‘åš“Œ‘å—Ö,431-4,,
11462-0312-11.zip,202502031219,–kŠ‹üŒS˜h‹{’¬‘åš“Œ‘å—Ö,432-2,,
11462-0312-11.zip,202502031219,–kŠ‹üŒS˜h‹{’¬‘åš“Œ‘å—Ö,433-2,,
11462-0312-11.zip,202502031219,–kŠ‹üŒS˜h‹{’¬‘åš“Œ‘å—Ö,434-2,,
11462-0312-11.zip,202502031219,–kŠ‹üŒS˜h‹{’¬‘åš“Œ‘å—Ö,434-3,,
11462-0312-11.zip,202502031219,–kŠ‹üŒS˜h‹{’¬‘åš“Œ‘å—Ö,436-2,,
11462-0312-11.zip,202502031219,–kŠ‹üŒS˜h‹{’¬‘åš“Œ‘å—Ö,450-2,,
11462-0312-11.zip,202502031219,–kŠ‹üŒS˜h‹{’¬‘åš“Œ‘å—Ö,451-2,,
11462-0312-11.zip,202502031219,–kŠ‹üŒS˜h‹{’¬‘åš“Œ‘å—Ö,455-2,,
11462-0312-11.zip,202502031219,–kŠ‹üŒS˜h‹{’¬‘åš“Œ‘å—Ö,456-2,,
11462-0312-11.zip,202502031219,–kŠ‹üŒS˜h‹{’¬‘åš“Œ‘å—Ö,466-2,,
11462-0312-11.zip,202502031219,–kŠ‹üŒS˜h‹{’¬‘åš“Œ‘å—Ö,470-2,,
11462-0312-11.zip,202502031219,–kŠ‹üŒS˜h‹{’¬‘åš“Œ‘å—Ö,470-3,,
11462-0312-11.zip,202502031219,–kŠ‹üŒS˜h‹{’¬‘åš“Œ‘å—Ö,471-4,,
11462-0312-11.zip,202502031219,–kŠ‹üŒS˜h‹{’¬‘åš“Œ‘å—Ö,472-3,,
11462-0312-11.zip,202502031219,–kŠ‹üŒS˜h‹{’¬‘åš“Œ‘å—Ö,472-4,,
11462-0312-11.zip,202502031219,–kŠ‹üŒS˜h‹{’¬‘åš“Œ‘å—Ö,500-2,,
11462-0312-11.zip,202502031219,–kŠ‹üŒS˜h‹{’¬‘åš“Œ‘å—Ö,1270-2,,
11462-0312-11.zip,202502031219,–kŠ‹üŒS˜h‹{’¬‘åš“Œ‘å—Ö,1273-2,,
11462-0312-11.zip,202502031219,–kŠ‹üŒS˜h‹{’¬÷“c‚R’š–Ú,501-3,,
11462-0312-11.zip,202502031219,–kŠ‹üŒS˜h‹{’¬÷“c‚R’š–Ú,816-2,,
11462-0312-11.zip,202502031219,–kŠ‹üŒS˜h‹{’¬÷“c‚R’š–Ú,816-4,,
11462-0312-11.zip,202502031219,–kŠ‹üŒS˜h‹{’¬‘åš“Œ‘å—Ö,471-6,,
11462-0312-11.zip,202502031219,–kŠ‹üŒS˜h‹{’¬‘åš“Œ‘å—Ö,471-5,,
11462-0312-12.zip,202502031219,–kŠ‹üŒS˜h‹{’¬÷“c‚P’š–Ú,480-4,,
11462-0312-13.zip,202502031219,–kŠ‹üŒS˜h‹{’¬,’n‹æŠO-5265490,,
11462-0312-13.zip,202502031219,–kŠ‹üŒS˜h‹{’¬,’n‹æŠO-5265491,,
11462-0312-13.zip,202502031219,–kŠ‹üŒS˜h‹{’¬,’n‹æŠO-5265492,,
11462-0312-14.zip,202502031219,–kŠ‹üŒS˜h‹{’¬‘åšŠO–ì,240-1,,
11462-0312-14.zip,202502031219,–kŠ‹üŒS˜h‹{’¬‘åšŠO–ì,240-2,,
11462-0312-14.zip,202502031219,–kŠ‹üŒS˜h‹{’¬‘åšŠO–ì,240-3,,
11462-0312-14.zip,202502031219,–kŠ‹üŒS˜h‹{’¬‘åšŠO–ì,240-4,,
11462-0312-14.zip,202502031219,–kŠ‹üŒS˜h‹{’¬‘åšŠO–ì,241,,
11462-0312-14.zip,202502031219,–kŠ‹üŒS˜h‹{’¬‘åšŠO–ì,242,,
11462-0312-14.zip,202502031219,–kŠ‹üŒS˜h‹{’¬‘åšŠO–ì,631,,
11462-0312-14.zip,202502031219,–kŠ‹üŒS˜h‹{’¬‘åšŠO–ì,110,,
11462-0312-14.zip,202502031219,–kŠ‹üŒS˜h‹{’¬‘åšŠO–ì,221,,
11462-0312-14.zip,202502031219,–kŠ‹üŒS˜h‹{’¬‘åšŠO–ì,1220-2,,
11462-0312-14.zip,202502031219,–kŠ‹üŒS˜h‹{’¬,’n‹æŠO-5266693,,
11462-0312-14.zip,202502031219,–kŠ‹üŒS˜h‹{’¬,’n‹æŠO-5266694,,
11462-0312-14.zip,202502031219,–kŠ‹üŒS˜h‹{’¬,’n‹æŠO-5266695,,
11462-0312-14.zip,202502031219,–kŠ‹üŒS˜h‹{’¬,’n‹æŠO-5266696,,
11462-0312-14.zip,202502031219,–kŠ‹üŒS˜h‹{’¬,’n‹æŠO-5266697,,
11462-0312-14.zip,202502031219,–kŠ‹üŒS˜h‹{’¬,’n‹æŠO-5266699,,
11462-0312-14.zip,202502031219,–kŠ‹üŒS˜h‹{’¬,’n‹æŠO-5266700,,
11462-0312-14.zip,202502031219,–kŠ‹üŒS˜h‹{’¬,’n‹æŠO-5266701,,
11462-0312-14.zip,202502031219,–kŠ‹üŒS˜h‹{’¬,’n‹æŠO-5266702,,
11462-0312-14.zip,202502031219,–kŠ‹üŒS˜h‹{’¬,’n‹æŠO-5266703,,
11462-0312-14.zip,202502031219,–kŠ‹üŒS˜h‹{’¬,’n‹æŠO-5266704,,
11462-0312-14.zip,202502031219,–kŠ‹üŒS˜h‹{’¬,’n‹æŠO-5266705,,
11462-0312-15.zip,202502031219,–kŠ‹üŒS˜h‹{’¬‘åšŠ‹”~,93-2,,
11462-0312-15.zip,202502031219,–kŠ‹üŒS˜h‹{’¬‘åšŠ‹”~,94-3,,
11462-0312-15.zip,202502031219,–kŠ‹üŒS˜h‹{’¬‘åšŠ‹”~,197-3,,
11462-0312-15.zip,202502031219,–kŠ‹üŒS˜h‹{’¬‘åšŠ‹”~,675-2,,
11462-0312-16.zip,202502031219,–kŠ‹üŒS˜h‹{’¬‘åš‹v–{›,181-Û,,
11462-0312-17.zip,202502031219,–kŠ‹üŒS˜h‹{’¬‘åšã“à,218,,
11462-0312-17.zip,202502031219,–kŠ‹üŒS˜h‹{’¬‘åšã“à,288-3W1,,
11462-0312-17.zip,202502031219,–kŠ‹üŒS˜h‹{’¬‘åšã“à,291-2,,
11462-0312-17.zip,202502031219,–kŠ‹üŒS˜h‹{’¬‘åšã“à,295-8W2,,
11462-0312-17.zip,202502031219,–kŠ‹üŒS˜h‹{’¬‘åšã“à,353,,
11462-0312-17.zip,202502031219,–kŠ‹üŒS˜h‹{’¬‘åšã“à,389,,
11462-0312-17.zip,202502031219,–kŠ‹üŒS˜h‹{’¬‘åšã“à,440-3,,
11462-0312-17.zip,202502031219,–kŠ‹üŒS˜h‹{’¬‘åšã“à,627,,
11462-0312-17.zip,202502031219,–kŠ‹üŒS˜h‹{’¬‘åšã“à,628,,
11462-0312-17.zip,202502031219,–kŠ‹üŒS˜h‹{’¬‘åšã“à,629,,
11462-0312-17.zip,202502031219,–kŠ‹üŒS˜h‹{’¬‘åšã“à,646,,
11462-0312-17.zip,202502031219,–kŠ‹üŒS˜h‹{’¬‘åšã“à,655,,
11462-0312-17.zip,202502031219,–kŠ‹üŒS˜h‹{’¬‘åšã“à,668,,
11462-0312-17.zip,202502031219,–kŠ‹üŒS˜h‹{’¬‘åšã“à,1035,,
11462-0312-17.zip,202502031219,–kŠ‹üŒS˜h‹{’¬‘åšã“à,1138,,
11462-0312-17.zip,202502031219,–kŠ‹üŒS˜h‹{’¬‘åšã“à,1156-2,,
11462-0312-17.zip,202502031219,–kŠ‹üŒS˜h‹{’¬‘åšã“à,1156-3,,
11462-0312-17.zip,202502031219,–kŠ‹üŒS˜h‹{’¬‘åšã“à,1312-1,,
11462-0312-17.zip,202502031219,–kŠ‹üŒS˜h‹{’¬‘åšã“à,1312-2,,
11462-0312-17.zip,202502031219,–kŠ‹üŒS˜h‹{’¬‘åšã“à,“¹-56,,
11462-0312-18.zip,202502031219,–kŠ‹üŒS˜h‹{’¬‘åšã“à,1954-1,,
11462-0312-18.zip,202502031219,–kŠ‹üŒS˜h‹{’¬‘åšã“à,1954-2,,
11462-0312-18.zip,202502031219,–kŠ‹üŒS˜h‹{’¬‘åšã“à,2118-3,,
11462-0312-18.zip,202502031219,–kŠ‹üŒS˜h‹{’¬‘åšã“à,1444-3,,
11462-0312-18.zip,202502031219,–kŠ‹üŒS˜h‹{’¬‘åšã“à,1502-5,,
11462-0312-18.zip,202502031219,–kŠ‹üŒS˜h‹{’¬‘åšã“à,1544,,
11462-0312-18.zip,202502031219,–kŠ‹üŒS˜h‹{’¬‘åšã“à,1760-2,,
11462-0312-18.zip,202502031219,–kŠ‹üŒS˜h‹{’¬,’n‹æŠO-5283345,,
11462-0312-18.zip,202502031219,–kŠ‹üŒS˜h‹{’¬,’n‹æŠO-5283346,,
11462-0312-18.zip,202502031219,–kŠ‹üŒS˜h‹{’¬,’n‹æŠO-5283348,,
11462-0312-18.zip,202502031219,–kŠ‹üŒS˜h‹{’¬‘åšã“à,1446-4,,
11462-0312-18.zip,202502031219,–kŠ‹üŒS˜h‹{’¬,’n‹æŠO-5283347,,
11462-0312-19.zip,202502031219,–kŠ‹üŒS˜h‹{’¬‘åš¼‘å—Ö,174-4,,
11462-0312-19.zip,202502031219,–kŠ‹üŒS˜h‹{’¬‘åš¼‘å—Ö,1771,,
11462-0312-19.zip,202502031219,–kŠ‹üŒS˜h‹{’¬‘åš¼‘å—Ö,1773-b,,
11462-0312-19.zip,202502031219,–kŠ‹üŒS˜h‹{’¬‘åš¼‘å—Ö,1773-‰³,,
11462-0312-19.zip,202502031219,–kŠ‹üŒS˜h‹{’¬‘åš¼‘å—Ö,2195-2,,
11462-0312-19.zip,202502031219,–kŠ‹üŒS˜h‹{’¬‘åš¼‘å—Ö,2195-7,,
11462-0312-19.zip,202502031219,–kŠ‹üŒS˜h‹{’¬‘åš¼‘å—Ö,–³’n”Ô-5,,
11462-0312-19.zip,202502031219,–kŠ‹üŒS˜h‹{’¬‘åš¼‘å—Ö,2289-3,,
11462-0312-19.zip,202502031219,–kŠ‹üŒS˜h‹{’¬,’n‹æŠO-5289781,,
11462-0312-19.zip,202502031219,–kŠ‹üŒS˜h‹{’¬,’n‹æŠO-5289782,,
11462-0312-20.zip,202502031219,–kŠ‹üŒS˜h‹{’¬‘åš¼‘å—Ö,875,,
11462-0312-20.zip,202502031219,–kŠ‹üŒS˜h‹{’¬‘åš¼‘å—Ö,1127-Û,,
11462-0312-20.zip,202502031219,–kŠ‹üŒS˜h‹{’¬‘åš¼‘å—Ö,1138-“à‰³,,
11462-0312-20.zip,202502031219,–kŠ‹üŒS˜h‹{’¬‘åš¼‘å—Ö,2344-6,,
11462-0312-20.zip,202502031219,–kŠ‹üŒS˜h‹{’¬‘åš¼‘å—Ö,1284,,
11462-0312-20.zip,202502031219,–kŠ‹üŒS˜h‹{’¬‘åš¼‘å—Ö,1375,,
11462-0312-20.zip,202502031219,–kŠ‹üŒS˜h‹{’¬‘åš¼‘å—Ö,1462-Û,,
11462-0312-20.zip,202502031219,–kŠ‹üŒS˜h‹{’¬,’n‹æŠO-5294208,,
11462-0312-20.zip,202502031219,–kŠ‹üŒS˜h‹{’¬,’n‹æŠO-5294209,,
11462-0312-20.zip,202502031219,–kŠ‹üŒS˜h‹{’¬,’n‹æŠO-5294215,,
11462-0312-20.zip,202502031219,–kŠ‹üŒS˜h‹{’¬,’n‹æŠO-5294216,,
11462-0312-20.zip,202502031219,–kŠ‹üŒS˜h‹{’¬,’n‹æŠO-5294217,,
11462-0312-20.zip,202502031219,–kŠ‹üŒS˜h‹{’¬,’n‹æŠO-5294218,,
11462-0312-20.zip,202502031219,–kŠ‹üŒS˜h‹{’¬,’n‹æŠO-5294219,,
11462-0312-20.zip,202502031219,–kŠ‹üŒS˜h‹{’¬,’n‹æŠO-5294220,,
11462-0312-20.zip,202502031219,–kŠ‹üŒS˜h‹{’¬,’n‹æŠO-5294221,,
11462-0312-20.zip,202502031219,–kŠ‹üŒS˜h‹{’¬,’n‹æŠO-5294222,,
11462-0312-20.zip,202502031219,–kŠ‹üŒS˜h‹{’¬,’n‹æŠO-5294223,,
11462-0312-20.zip,202502031219,–kŠ‹üŒS˜h‹{’¬,’n‹æŠO-5294224,,
11462-0312-20.zip,202502031219,–kŠ‹üŒS˜h‹{’¬,’n‹æŠO-5294225,,
11462-0312-20.zip,202502031219,–kŠ‹üŒS˜h‹{’¬,’n‹æŠO-5294226,,
11462-0312-20.zip,202502031219,–kŠ‹üŒS˜h‹{’¬,’n‹æŠO-5294227,,
11462-0312-20.zip,202502031219,–kŠ‹üŒS˜h‹{’¬,’n‹æŠO-5294228,,
11462-0312-20.zip,202502031219,–kŠ‹üŒS˜h‹{’¬,’n‹æŠO-5294229,,
11462-0312-20.zip,202502031219,–kŠ‹üŒS˜h‹{’¬,’n‹æŠO-5294230,,
11462-0312-20.zip,202502031219,–kŠ‹üŒS˜h‹{’¬,’n‹æŠO-5294231,,
11462-0312-20.zip,202502031219,–kŠ‹üŒS˜h‹{’¬,’n‹æŠO-5294232,,
11462-0312-20.zip,202502031219,–kŠ‹üŒS˜h‹{’¬,’n‹æŠO-5294233,,
11462-0312-20.zip,202502031219,–kŠ‹üŒS˜h‹{’¬,’n‹æŠO-5294234,,
11462-0312-20.zip,202502031219,–kŠ‹üŒS˜h‹{’¬,’n‹æŠO-5294235,,
11462-0312-20.zip,202502031219,–kŠ‹üŒS˜h‹{’¬,’n‹æŠO-5294236,,
11462-0312-20.zip,202502031219,–kŠ‹üŒS˜h‹{’¬,’n‹æŠO-5294237,,
11462-0312-20.zip,202502031219,–kŠ‹üŒS˜h‹{’¬,’n‹æŠO-5294238,,
11462-0312-20.zip,202502031219,–kŠ‹üŒS˜h‹{’¬,’n‹æŠO-5294239,,
11462-0312-20.zip,202502031219,–kŠ‹üŒS˜h‹{’¬,’n‹æŠO-5294240,,
11462-0312-20.zip,202502031219,–kŠ‹üŒS˜h‹{’¬,’n‹æŠO-5294241,,
11462-0312-20.zip,202502031219,–kŠ‹üŒS˜h‹{’¬,’n‹æŠO-5294242,,
11462-0312-20.zip,202502031219,–kŠ‹üŒS˜h‹{’¬,’n‹æŠO-5294243,,
11462-0312-20.zip,202502031219,–kŠ‹üŒS˜h‹{’¬,’n‹æŠO-5294244,,
11462-0312-20.zip,202502031219,–kŠ‹üŒS˜h‹{’¬,’n‹æŠO-5294245,,
11462-0312-20.zip,202502031219,–kŠ‹üŒS˜h‹{’¬,’n‹æŠO-5294246,,
11462-0312-20.zip,202502031219,–kŠ‹üŒS˜h‹{’¬,’n‹æŠO-5294247,,
11462-0312-20.zip,202502031219,–kŠ‹üŒS˜h‹{’¬,’n‹æŠO-5294213,,
11462-0312-20.zip,202502031219,–kŠ‹üŒS˜h‹{’¬‘åš¼‘å—Ö,1456-Û,,
11462-0312-20.zip,202502031219,–kŠ‹üŒS˜h‹{’¬,’n‹æŠO-5294214,,
11462-0312-21.zip,202502031219,–kŠ‹üŒS˜h‹{’¬‘åš“Œ‘å—Ö,364-9,,
11462-0312-21.zip,202502031219,–kŠ‹üŒS˜h‹{’¬÷“c‚T’š–Ú,247-28,,
11462-0312-21.zip,202502031219,–kŠ‹üŒS˜h‹{’¬,’n‹æŠO-5301854,,
11462-0312-21.zip,202502031219,–kŠ‹üŒS˜h‹{’¬,’n‹æŠO-5301855,,
11462-0312-22.zip,202502031219,–kŠ‹üŒS˜h‹{’¬‘åš”ª•á,36-3,,
11462-0312-22.zip,202502031219,–kŠ‹üŒS˜h‹{’¬‘åš”ª•á,37-3,,
11462-0312-22.zip,202502031219,–kŠ‹üŒS˜h‹{’¬‘åš”ª•á,134-2,,
11462-0312-22.zip,202502031219,–kŠ‹üŒS˜h‹{’¬‘åš”ª•á,144-3,,
11462-0312-22.zip,202502031219,–kŠ‹üŒS˜h‹{’¬‘åš”ª•á,145-3,,
11462-0312-22.zip,202502031219,–kŠ‹üŒS˜h‹{’¬‘åš”ª•á,145-4,,
11462-0312-22.zip,202502031219,–kŠ‹üŒS˜h‹{’¬‘åš”ª•á,145-5,,
11462-0312-22.zip,202502031219,–kŠ‹üŒS˜h‹{’¬‘åš”ª•á,145-6,,
11462-0312-22.zip,202502031219,–kŠ‹üŒS˜h‹{’¬‘åš”ª•á,145-7,,
11462-0312-22.zip,202502031219,–kŠ‹üŒS˜h‹{’¬‘åš”ª•á,154-1,,
11462-0312-22.zip,202502031219,–kŠ‹üŒS˜h‹{’¬‘åš”ª•á,155,,
11462-0312-22.zip,202502031219,–kŠ‹üŒS˜h‹{’¬‘åš”ª•á,156-1,,
11462-0312-22.zip,202502031219,–kŠ‹üŒS˜h‹{’¬‘åš”ª•á,251-2,,
11462-0312-22.zip,202502031219,–kŠ‹üŒS˜h‹{’¬‘åš”ª•á,300-2,,
11462-0312-22.zip,202502031219,–kŠ‹üŒS˜h‹{’¬‘åš”ª•á,300-5,,
11462-0312-22.zip,202502031219,–kŠ‹üŒS˜h‹{’¬‘åš”ª•á,1032,,
11462-0312-22.zip,202502031219,–kŠ‹üŒS˜h‹{’¬‘åš”ª•á,1034-5,,
11462-0312-22.zip,202502031219,–kŠ‹üŒS˜h‹{’¬‘åš”ª•á,1330,,
11462-0312-22.zip,202502031219,–kŠ‹üŒS˜h‹{’¬‘åš”ª•á,2788-14,,
11462-0312-22.zip,202502031219,–kŠ‹üŒS˜h‹{’¬‘åš”ª•á,2896-10,,
11462-0312-22.zip,202502031219,–kŠ‹üŒS˜h‹{’¬‘åš”ª•á,2907-9,,
11462-0312-22.zip,202502031219,–kŠ‹üŒS˜h‹{’¬‘åš”ª•á,3057-1,,
11462-0312-22.zip,202502031219,–kŠ‹üŒS˜h‹{’¬”ª•á‚R’š–Ú,2524-4,,
11462-0312-22.zip,202502031219,–kŠ‹üŒS˜h‹{’¬”ª•á‚R’š–Ú,2660-2,,
11462-0312-22.zip,202502031219,–kŠ‹üŒS˜h‹{’¬”ª•á‚R’š–Ú,2666-4,,
11462-0312-22.zip,202502031219,–kŠ‹üŒS˜h‹{’¬”ª•á‚R’š–Ú,2676-1,,
11462-0312-22.zip,202502031219,–kŠ‹üŒS˜h‹{’¬”ª•á‚R’š–Ú,2529-9,,
11462-0312-22.zip,202502031219,–kŠ‹üŒS˜h‹{’¬‘åš”ª•á,1391-5,,
11462-0312-23.zip,202502031219,–kŠ‹üŒS˜h‹{’¬‘åš˜h‹{,1200-1,,
11462-0312-23.zip,202502031219,–kŠ‹üŒS˜h‹{’¬‘åš˜h‹{,1200-3,,
11462-0312-23.zip,202502031219,–kŠ‹üŒS˜h‹{’¬‘åš˜h‹{,1210-3,,
11462-0312-23.zip,202502031219,–kŠ‹üŒS˜h‹{’¬‘åš˜h‹{,1229-1,,
11462-0312-23.zip,202502031219,–kŠ‹üŒS˜h‹{’¬‘åš˜h‹{,1267-3,,
11462-0312-23.zip,202502031219,–kŠ‹üŒS˜h‹{’¬‘åš˜h‹{,1284-2,,
11462-0312-23.zip,202502031219,–kŠ‹üŒS˜h‹{’¬‘åš˜h‹{,1350-2,,
11462-0312-23.zip,202502031219,–kŠ‹üŒS˜h‹{’¬‘åš˜h‹{,1448-3,,
11462-0312-23.zip,202502031219,–kŠ‹üŒS˜h‹{’¬‘åš˜h‹{,1448-5,,
11462-0312-23.zip,202502031219,–kŠ‹üŒS˜h‹{’¬‘åš˜h‹{,1466-3,,
11462-0312-23.zip,202502031219,–kŠ‹üŒS˜h‹{’¬‘åš˜h‹{,1466-5,,
11462-0312-23.zip,202502031219,–kŠ‹üŒS˜h‹{’¬‘åš˜h‹{,1466-8,,
11462-0312-23.zip,202502031219,–kŠ‹üŒS˜h‹{’¬‘åš˜h‹{,1477-4,,
11462-0312-23.zip,202502031219,–kŠ‹üŒS˜h‹{’¬‘åš˜h‹{,1645-6,,
11462-0312-23.zip,202502031219,–kŠ‹üŒS˜h‹{’¬‘åš˜h‹{,1766-1,,
11462-0312-23.zip,202502031219,–kŠ‹üŒS˜h‹{’¬‘åš˜h‹{,1766-2,,
11462-0312-23.zip,202502031219,–kŠ‹üŒS˜h‹{’¬‘åš˜h‹{,1848-2,,
11462-0312-23.zip,202502031219,–kŠ‹üŒS˜h‹{’¬‘åš˜h‹{,1895-2,,
11462-0312-23.zip,202502031219,–kŠ‹üŒS˜h‹{’¬‘åš˜h‹{,1946-5,,
11462-0312-23.zip,202502031219,–kŠ‹üŒS˜h‹{’¬‘åš˜h‹{,1978-3,,
11462-0312-24.zip,202502031219,–kŠ‹üŒS˜h‹{’¬‘åš˜h‹{,2483,,
11462-0312-24.zip,202502031219,–kŠ‹üŒS˜h‹{’¬‘åš˜h‹{,3016-4,,
11462-0312-25.zip,202502031219,–kŠ‹üŒS˜h‹{’¬‘åš˜h‹{,71-Û,,
11462-0312-26.zip,202502031219,–kŠ‹üŒS˜h‹{’¬’†‰›‚P’š–Ú,94-3,,
11462-0312-26.zip,202502031219,–kŠ‹üŒS˜h‹{’¬’†‰›‚P’š–Ú,94-5,,
11462-0312-26.zip,202502031219,–kŠ‹üŒS˜h‹{’¬’†‰›‚P’š–Ú,629-6,,
11462-0312-26.zip,202502031219,–kŠ‹üŒS˜h‹{’¬’†‰›‚P’š–Ú,1111-2,,
11462-0312-26.zip,202502031219,–kŠ‹üŒS˜h‹{’¬’†‰›‚P’š–Ú,1114,,
11462-0312-26.zip,202502031219,–kŠ‹üŒS˜h‹{’¬’†‰›‚P’š–Ú,1115,,
11462-0312-26.zip,202502031219,–kŠ‹üŒS˜h‹{’¬’†‰›‚P’š–Ú,1117,,
11462-0312-26.zip,202502031219,–kŠ‹üŒS˜h‹{’¬’†‰›‚P’š–Ú,1118-1,,
11462-0312-26.zip,202502031219,–kŠ‹üŒS˜h‹{’¬’†‰›‚P’š–Ú,1118-2,,
11462-0312-26.zip,202502031219,–kŠ‹üŒS˜h‹{’¬’†‰›‚P’š–Ú,1119-1,,
11462-0312-26.zip,202502031219,–kŠ‹üŒS˜h‹{’¬’†‰›‚P’š–Ú,1119-2,,
11462-0312-26.zip,202502031219,–kŠ‹üŒS˜h‹{’¬’†‰›‚P’š–Ú,1125,,
11462-0312-26.zip,202502031219,–kŠ‹üŒS˜h‹{’¬’†‰›‚P’š–Ú,1146-1,,
11462-0312-26.zip,202502031219,–kŠ‹üŒS˜h‹{’¬’†‰›‚P’š–Ú,1146-2,,
11462-0312-26.zip,202502031219,–kŠ‹üŒS˜h‹{’¬’†‰›‚P’š–Ú,1148-3,,
11462-0312-26.zip,202502031219,–kŠ‹üŒS˜h‹{’¬’†‰›‚P’š–Ú,1150-1,,
11462-0312-26.zip,202502031219,–kŠ‹üŒS˜h‹{’¬’†‰›‚P’š–Ú,1150-2,,
11462-0312-26.zip,202502031219,–kŠ‹üŒS˜h‹{’¬’†‰›‚P’š–Ú,1152-1,,
11462-0312-26.zip,202502031219,–kŠ‹üŒS˜h‹{’¬’†‰›‚P’š–Ú,1152-2,,
11462-0312-26.zip,202502031219,–kŠ‹üŒS˜h‹{’¬’†‰›‚P’š–Ú,1153,,
11462-0312-26.zip,202502031219,–kŠ‹üŒS˜h‹{’¬’†‰›‚P’š–Ú,1154,,
11462-0312-26.zip,202502031219,–kŠ‹üŒS˜h‹{’¬’†‰›‚P’š–Ú,1155,,
11462-0312-26.zip,202502031219,–kŠ‹üŒS˜h‹{’¬’†‰›‚P’š–Ú,1158-5,,
11462-0312-26.zip,202502031219,–kŠ‹üŒS˜h‹{’¬’†‰›‚P’š–Ú,1160-1,,
11462-0312-26.zip,202502031219,–kŠ‹üŒS˜h‹{’¬’†‰›‚P’š–Ú,1160-2,,
11462-0312-26.zip,202502031219,–kŠ‹üŒS˜h‹{’¬’†‰›‚P’š–Ú,1160-3,,
11462-0312-26.zip,202502031219,–kŠ‹üŒS˜h‹{’¬’†‰›‚P’š–Ú,1164,,
11462-0312-26.zip,202502031219,–kŠ‹üŒS˜h‹{’¬’†‰›‚P’š–Ú,1165-6,,
11462-0312-26.zip,202502031219,–kŠ‹üŒS˜h‹{’¬’†‰›‚P’š–Ú,1175,,
11462-0312-26.zip,202502031219,–kŠ‹üŒS˜h‹{’¬’†‰›‚P’š–Ú,1177,,
11462-0312-26.zip,202502031219,–kŠ‹üŒS˜h‹{’¬’†‰›‚P’š–Ú,1179,,
11462-0312-26.zip,202502031219,–kŠ‹üŒS˜h‹{’¬’†‰›‚P’š–Ú,1180,,
11462-0312-26.zip,202502031219,–kŠ‹üŒS˜h‹{’¬’†‰›‚P’š–Ú,1181,,
11462-0312-26.zip,202502031219,–kŠ‹üŒS˜h‹{’¬’†‰›‚P’š–Ú,1183,,
11462-0312-26.zip,202502031219,–kŠ‹üŒS˜h‹{’¬’†‰›‚P’š–Ú,1185-2,,
11462-0312-26.zip,202502031219,–kŠ‹üŒS˜h‹{’¬’†‰›‚Q’š–Ú,1345-2,,
11462-0312-26.zip,202502031219,–kŠ‹üŒS˜h‹{’¬’†‰›‚Q’š–Ú,1379-4,,
11462-0312-26.zip,202502031219,–kŠ‹üŒS˜h‹{’¬’†‰›‚Q’š–Ú,1454-1,,
11462-0312-26.zip,202502031219,–kŠ‹üŒS˜h‹{’¬’†‰›‚Q’š–Ú,1466-8,,
11462-0312-27.zip,202502031219,–kŠ‹üŒS˜h‹{’¬,’n‹æŠO-5326961,,
11462-0312-27.zip,202502031219,–kŠ‹üŒS˜h‹{’¬,’n‹æŠO-5326962,,
11462-0312-27.zip,202502031219,–kŠ‹üŒS˜h‹{’¬,’n‹æŠO-5326963,,
11462-0312-28.zip,202502031219,–kŠ‹üŒS˜h‹{’¬‘åš”ª•á,1596,,
11462-0312-28.zip,202502031219,–kŠ‹üŒS˜h‹{’¬‘åš”ª•á,1598,,
11462-0312-28.zip,202502031219,–kŠ‹üŒS˜h‹{’¬‘åš”ª•á,1598-1,,
11462-0312-28.zip,202502031219,–kŠ‹üŒS˜h‹{’¬‘åš”ª•á,1598-2,,
11462-0312-28.zip,202502031219,–kŠ‹üŒS˜h‹{’¬‘åš”ª•á,1599-3,,
11462-0312-28.zip,202502031219,–kŠ‹üŒS˜h‹{’¬‘åš”ª•á,1666-4,,
11462-0312-28.zip,202502031219,–kŠ‹üŒS˜h‹{’¬‘åš”ª•á,1667-3,,
11462-0312-28.zip,202502031219,–kŠ‹üŒS˜h‹{’¬‘åš”ª•á,1668-3,,
11462-0312-28.zip,202502031219,–kŠ‹üŒS˜h‹{’¬‘åš”ª•á,1669,,
11462-0312-28.zip,202502031219,–kŠ‹üŒS˜h‹{’¬‘åš”ª•á,1670,,
11462-0312-28.zip,202502031219,–kŠ‹üŒS˜h‹{’¬‘åš”ª•á,1739-4,,
11462-0312-28.zip,202502031219,–kŠ‹üŒS˜h‹{’¬‘åš”ª•á,1740-2,,
11462-0312-28.zip,202502031219,–kŠ‹üŒS˜h‹{’¬‘åš”ª•á,1747-3,,
11462-0312-28.zip,202502031219,–kŠ‹üŒS˜h‹{’¬‘åš”ª•á,1747-4,,
11462-0312-28.zip,202502031219,–kŠ‹üŒS˜h‹{’¬‘åš”ª•á,1749-2,,
11462-0312-28.zip,202502031219,–kŠ‹üŒS˜h‹{’¬‘åš”ª•á,1750-2,,
11462-0312-28.zip,202502031219,–kŠ‹üŒS˜h‹{’¬‘åš”ª•á,1751-2,,
11462-0312-28.zip,202502031219,–kŠ‹üŒS˜h‹{’¬‘åš”ª•á,1752-2,,
11462-0312-28.zip,202502031219,–kŠ‹üŒS˜h‹{’¬‘åš”ª•á,1759-2,,
11462-0312-28.zip,202502031219,–kŠ‹üŒS˜h‹{’¬‘åš”ª•á,1766-2,,
11462-0312-28.zip,202502031219,–kŠ‹üŒS˜h‹{’¬‘åš”ª•á,1767-2,,
11462-0312-28.zip,202502031219,–kŠ‹üŒS˜h‹{’¬‘åš”ª•á,1768-2,,
11462-0312-28.zip,202502031219,–kŠ‹üŒS˜h‹{’¬‘åš”ª•á,1769-2,,
11462-0312-28.zip,202502031219,–kŠ‹üŒS˜h‹{’¬‘åš”ª•á,1770-2,,
11462-0312-28.zip,202502031219,–kŠ‹üŒS˜h‹{’¬‘åš”ª•á,1771-2,,
11462-0312-28.zip,202502031219,–kŠ‹üŒS˜h‹{’¬‘åš”ª•á,1779-2,,
11462-0312-28.zip,202502031219,–kŠ‹üŒS˜h‹{’¬‘åš”ª•á,1790,,
11462-0312-28.zip,202502031219,–kŠ‹üŒS˜h‹{’¬‘åš”ª•á,1790-4,,
11462-0312-28.zip,202502031219,–kŠ‹üŒS˜h‹{’¬‘åš”ª•á,1791,,
11462-0312-28.zip,202502031219,–kŠ‹üŒS˜h‹{’¬‘åš”ª•á,1791-4,,
11462-0312-28.zip,202502031219,–kŠ‹üŒS˜h‹{’¬‘åš”ª•á,1792,,
11462-0312-28.zip,202502031219,–kŠ‹üŒS˜h‹{’¬‘åš”ª•á,1792-4,,
11462-0312-28.zip,202502031219,–kŠ‹üŒS˜h‹{’¬‘åš”ª•á,1792-5,,
11462-0312-28.zip,202502031219,–kŠ‹üŒS˜h‹{’¬‘åš”ª•á,1793,,
11462-0312-28.zip,202502031219,–kŠ‹üŒS˜h‹{’¬‘åš”ª•á,1793-4,,
11462-0312-28.zip,202502031219,–kŠ‹üŒS˜h‹{’¬‘åš”ª•á,1793-5,,
11462-0312-28.zip,202502031219,–kŠ‹üŒS˜h‹{’¬‘åš”ª•á,1815-2,,
11462-0312-28.zip,202502031219,–kŠ‹üŒS˜h‹{’¬‘åš”ª•á,1816-2,,
11462-0312-28.zip,202502031219,–kŠ‹üŒS˜h‹{’¬‘åš”ª•á,1820-2,,
11462-0312-28.zip,202502031219,–kŠ‹üŒS˜h‹{’¬‘åš”ª•á,1821-2,,
11462-0312-28.zip,202502031219,–kŠ‹üŒS˜h‹{’¬‘åš”ª•á,1822-2,,
11462-0312-28.zip,202502031219,–kŠ‹üŒS˜h‹{’¬‘åš”ª•á,1826-3,,
11462-0312-28.zip,202502031219,–kŠ‹üŒS˜h‹{’¬”ª•á‚Q’š–Ú,1838-2,,
11462-0312-28.zip,202502031219,–kŠ‹üŒS˜h‹{’¬”ª•á‚Q’š–Ú,1866-2,,
11462-0312-28.zip,202502031219,–kŠ‹üŒS˜h‹{’¬”ª•á‚R’š–Ú,8030-6,,
11462-0312-28.zip,202502031219,–kŠ‹üŒS˜h‹{’¬”ª•á‚S’š–Ú,597-2,,
11462-0312-28.zip,202502031219,–kŠ‹üŒS˜h‹{’¬”ª•á‚S’š–Ú,840-3,,
11462-0312-28.zip,202502031219,–kŠ‹üŒS˜h‹{’¬”ª•á‚T’š–Ú,444,,
11462-0312-28.zip,202502031219,–kŠ‹üŒS˜h‹{’¬”ª•á‚T’š–Ú,551-4,,
11462-0312-28.zip,202502031219,–kŠ‹üŒS˜h‹{’¬”ª•á‚T’š–Ú,576-1,,
11462-0312-28.zip,202502031219,–kŠ‹üŒS˜h‹{’¬‘åš”ª•á,2977-2,,
11462-0312-29.zip,202502031219,–kŠ‹üŒS˜h‹{’¬”ª•á‚S’š–Ú,181,,
11462-0312-29.zip,202502031219,–kŠ‹üŒS˜h‹{’¬,’n‹æŠO-5330146,,
11462-0312-29.zip,202502031219,–kŠ‹üŒS˜h‹{’¬,’n‹æŠO-5330147,,
11462-0312-29.zip,202502031219,–kŠ‹üŒS˜h‹{’¬,’n‹æŠO-5330148,,
11462-0312-29.zip,202502031219,–kŠ‹üŒS˜h‹{’¬,’n‹æŠO-5330149,,
11462-0312-29.zip,202502031219,–kŠ‹üŒS˜h‹{’¬,’n‹æŠO-5330150,,
11462-0312-29.zip,202502031219,–kŠ‹üŒS˜h‹{’¬,’n‹æŠO-5330151,,
11462-0312-29.zip,202502031219,–kŠ‹üŒS˜h‹{’¬,’n‹æŠO-5330152,,
11462-0312-29.zip,202502031219,–kŠ‹üŒS˜h‹{’¬,’n‹æŠO-5330153,,
11462-0312-29.zip,202502031219,–kŠ‹üŒS˜h‹{’¬,’n‹æŠO-5330155,,
11462-0312-29.zip,202502031219,–kŠ‹üŒS˜h‹{’¬,’n‹æŠO-5330154,,
11462-0312-30.zip,202502031219,–kŠ‹üŒS˜h‹{’¬˜h‹{‚P’š–Ú,1078-3,,
11462-0312-30.zip,202502031219,–kŠ‹üŒS˜h‹{’¬˜h‹{‚P’š–Ú,1475-2,,
11462-0312-30.zip,202502031219,–kŠ‹üŒS˜h‹{’¬˜h‹{‚Q’š–Ú,1019-12,,
11462-0312-30.zip,202502031219,–kŠ‹üŒS˜h‹{’¬˜h‹{‚Q’š–Ú,2596-3,,
11462-0312-30.zip,202502031219,–kŠ‹üŒS˜h‹{’¬˜h‹{‚Q’š–Ú,2597-2,,
11462-0312-30.zip,202502031219,–kŠ‹üŒS˜h‹{’¬˜h‹{‚R’š–Ú,2244-17,,
11462-0312-30.zip,202502031219,–kŠ‹üŒS˜h‹{’¬˜h‹{‚R’š–Ú,2246-6,,
11462-0312-30.zip,202502031219,–kŠ‹üŒS˜h‹{’¬˜h‹{‚R’š–Ú,2274-5,,
11462-0312-30.zip,202502031219,–kŠ‹üŒS˜h‹{’¬˜h‹{‚R’š–Ú,2306-7,,
11462-0312-30.zip,202502031219,–kŠ‹üŒS˜h‹{’¬˜h‹{‚R’š–Ú,2306-8,,
11462-0312-30.zip,202502031219,–kŠ‹üŒS˜h‹{’¬˜h‹{‚R’š–Ú,2518-6,,
11462-0312-30.zip,202502031219,–kŠ‹üŒS˜h‹{’¬˜h‹{‚U’š–Ú,2259-4,,
11462-0312-30.zip,202502031219,–kŠ‹üŒS˜h‹{’¬˜h‹{‚U’š–Ú,2555-2,,
11462-0312-30.zip,202502031219,–kŠ‹üŒS˜h‹{’¬˜h‹{‚P’š–Ú,2134-4,,
11462-0312-30.zip,202502031219,–kŠ‹üŒS˜h‹{’¬˜h‹{‚Q’š–Ú,2596-2,,
11462-0312-30.zip,202502031219,–kŠ‹üŒS˜h‹{’¬˜h‹{‚U’š–Ú,2259-5,,
11462-0312-30.zip,202502031219,–kŠ‹üŒS˜h‹{’¬˜h‹{‚R’š–Ú,2231-26,,
11462-0312-30.zip,202502031219,–kŠ‹üŒS˜h‹{’¬˜h‹{‚Q’š–Ú,1026-10,,
11462-0312-31.zip,202502031219,–kŠ‹üŒS˜h‹{’¬,’n‹æŠO-1742543,,
11462-0312-31.zip,202502031219,–kŠ‹üŒS˜h‹{’¬,’n‹æŠO-1742544,,
11462-0312-31.zip,202502031219,–kŠ‹üŒS˜h‹{’¬,’n‹æŠO-1742545,,
11462-0312-31.zip,202502031219,–kŠ‹üŒS˜h‹{’¬,’n‹æŠO-1742546,,
11462-0312-31.zip,202502031219,–kŠ‹üŒS˜h‹{’¬,’n‹æŠO-1742547,,
11462-0312-31.zip,202502031219,–kŠ‹üŒS˜h‹{’¬,’n‹æŠO-1742549,,
11462-0312-31.zip,202502031219,–kŠ‹üŒS˜h‹{’¬,’n‹æŠO-1742551,,
11462-0312-31.zip,202502031219,–kŠ‹üŒS˜h‹{’¬,’n‹æŠO-1742552,,
11462-0312-31.zip,202502031219,–kŠ‹üŒS˜h‹{’¬,’n‹æŠO-1742553,,
11462-0312-31.zip,202502031219,–kŠ‹üŒS˜h‹{’¬,’n‹æŠO-1742554,,
11462-0312-31.zip,202502031219,–kŠ‹üŒS˜h‹{’¬,’n‹æŠO-1742555,,
11462-0312-31.zip,202502031219,–kŠ‹üŒS˜h‹{’¬,’n‹æŠO-1742556,,
11462-0312-31.zip,202502031219,–kŠ‹üŒS˜h‹{’¬,’n‹æŠO-1742557,,
11462-0312-31.zip,202502031219,–kŠ‹üŒS˜h‹{’¬,’n‹æŠO-1742558,,
11462-0312-31.zip,202502031219,–kŠ‹üŒS˜h‹{’¬,’n‹æŠO-1742548,,
11462-0312-31.zip,202502031219,–kŠ‹üŒS˜h‹{’¬,’n‹æŠO-1742550,,
11462-0312-32.zip,202502031219,–kŠ‹üŒS˜h‹{’¬,’n‹æŠO-1745917,,
11462-0312-32.zip,202502031219,–kŠ‹üŒS˜h‹{’¬,’n‹æŠO-1745918,,
11462-0312-32.zip,202502031219,–kŠ‹üŒS˜h‹{’¬,’n‹æŠO-1745919,,
11462-0312-32.zip,202502031219,–kŠ‹üŒS˜h‹{’¬,’n‹æŠO-1745920,,
11462-0312-33.zip,202502031219,–kŠ‹üŒS˜h‹{’¬,’n‹æŠO-1746216,,
11462-0312-33.zip,202502031219,–kŠ‹üŒS˜h‹{’¬,’n‹æŠO-1746217,,
11462-0312-33.zip,202502031219,–kŠ‹üŒS˜h‹{’¬,’n‹æŠO-1746218,,
11462-0312-33.zip,202502031219,–kŠ‹üŒS˜h‹{’¬,’n‹æŠO-1746219,,
11462-0312-33.zip,202502031219,–kŠ‹üŒS˜h‹{’¬,’n‹æŠO-1746221,,
11462-0312-33.zip,202502031219,–kŠ‹üŒS˜h‹{’¬,’n‹æŠO-1746222,,
11462-0312-33.zip,202502031219,–kŠ‹üŒS˜h‹{’¬,’n‹æŠO-1746223,,
11462-0312-33.zip,202502031219,–kŠ‹üŒS˜h‹{’¬,’n‹æŠO-1746224,,
11462-0312-33.zip,202502031219,–kŠ‹üŒS˜h‹{’¬,’n‹æŠO-1746225,,
11462-0312-33.zip,202502031219,–kŠ‹üŒS˜h‹{’¬,’n‹æŠO-1746226,,
11462-0312-33.zip,202502031219,–kŠ‹üŒS˜h‹{’¬,’n‹æŠO-1746220,,
11462-0312-34.zip,202502031219,–kŠ‹üŒS˜h‹{’¬,’n‹æŠO-1746994,,
11462-0312-34.zip,202502031219,–kŠ‹üŒS˜h‹{’¬,’n‹æŠO-1746995,,
11462-0312-34.zip,202502031219,–kŠ‹üŒS˜h‹{’¬,’n‹æŠO-1746996,,
11462-0312-34.zip,202502031219,–kŠ‹üŒS˜h‹{’¬,’n‹æŠO-1746997,,
11462-0312-34.zip,202502031219,–kŠ‹üŒS˜h‹{’¬,’n‹æŠO-1746998,,
11462-0312-34.zip,202502031219,–kŠ‹üŒS˜h‹{’¬,’n‹æŠO-1746999,,
11462-0312-34.zip,202502031219,–kŠ‹üŒS˜h‹{’¬,’n‹æŠO-1747000,,
11462-0312-34.zip,202502031219,–kŠ‹üŒS˜h‹{’¬,’n‹æŠO-1747001,,
11462-0312-35.zip,202502031219,–kŠ‹üŒS˜h‹{’¬,’n‹æŠO-1747282,,
11462-0312-35.zip,202502031219,–kŠ‹üŒS˜h‹{’¬,’n‹æŠO-1747283,,
11462-0312-35.zip,202502031219,–kŠ‹üŒS˜h‹{’¬,’n‹æŠO-1747284,,
11462-0312-35.zip,202502031219,–kŠ‹üŒS˜h‹{’¬,’n‹æŠO-1747286,,
11462-0312-35.zip,202502031219,–kŠ‹üŒS˜h‹{’¬,’n‹æŠO-1747287,,
11462-0312-35.zip,202502031219,–kŠ‹üŒS˜h‹{’¬,’n‹æŠO-1747288,,
11462-0312-35.zip,202502031219,–kŠ‹üŒS˜h‹{’¬,’n‹æŠO-1747289,,
11462-0312-35.zip,202502031219,–kŠ‹üŒS˜h‹{’¬,’n‹æŠO-1747290,,
11462-0312-35.zip,202502031219,–kŠ‹üŒS˜h‹{’¬,’n‹æŠO-1747291,,
11462-0312-35.zip,202502031219,–kŠ‹üŒS˜h‹{’¬,’n‹æŠO-1747292,,
11462-0312-35.zip,202502031219,–kŠ‹üŒS˜h‹{’¬,’n‹æŠO-1747293,,
11462-0312-35.zip,202502031219,–kŠ‹üŒS˜h‹{’¬,’n‹æŠO-1747285,,
